message,intent
ุงุฒูู,greeting
ุดูุฑุง ููู,thank
ุนุงูุฒ ุงุญุฏุฏ ุงููุณุชูู ุจุชุงุนู,take exam
ูููู ุงุทูุฑ ููุณู ุงุฒุงู,course recommendation
ุนุงูุฒ ุญุฏ ูุดุฌุนูู,peer grouping
ุนุฑููู ุจูู ,about bot
ููุฑุณู,thank
ุดูุฑุง ุจุฌุฏ,thank
ุดูุฑุง,thank
ูุงู,greeting
ุงููุง ุจูู,greeting
ุงุฎุจุงุฑู ุงูู,greeting
ูุงูู,greeting
ูููู ุงูุชุญู,take exam
ุทูุจ ุงุญุฏุฏ ูุณุชูุงูุง ุงุฒุงู,take exam
ุงูุง ูู ุงููุณุชูู ุงููุงู,take exam
ูุณุชูุงูุง ุงูู,take exam
ูููู ุงูุชุญู,take exam
ุงุจุนุช ุงูุงูุชุญุงู,take exam
ุฏุฎููู ูุน ุญุฏ,peer grouping
ุนุงูุฒ ุดุฑูู ุฏุฑุงุณู,peer grouping
ุณุงุนุฏูู ุงุฐุงูุฑ,peer grouping
ูุญุชุงุฌ ุญุฏ ูุณุงุนุฏูู,peer grouping
ูุญุชุงุฌ ุชุดุฌูุน,peer grouping
ูุญุชุงุฌ ูุณุงุนุฏู ูู ุงูุฏุฑุงุณู,peer grouping
ุณุงุนุฏูู ุงูุงูู ุดุฑูู ูุฐุงูุฑู,peer grouping
ุฏุฎููู ูู ุฌุฑูุจ,peer grouping
ูููู ุญุฏ ูุดุงุฑููู,peer grouping
ุนุงูุฒ ุงุฏุฎู ุฌุฑูุจ,peer grouping
ุฏุฎููู ุฌุฑูุจ,peer grouping
ูุงุชูู ุญุฏ ูุณุงุนุฏูู,peer grouping
ุฏุฎููู ูุน ุญุฏ ูุดุฌุนูู ุนูู ุงููุฐุงูุฑู,peer grouping
ุนุงูุฒ ุงุดุงุฑู ุญุฏ ูู ููุณ ุงููุณุชูู,peer grouping
ูู ูู ูุงุณ ูู ููุณ ุงููุณุชูู ูุนุงูุงุ,peer grouping
ุนุงูุฒ ุดุฑูู ,peer grouping
ุนุงูุฒ ูุณุงุนุฏู,peer grouping
ูุญุชุงุฌ ุฎุฏ ูุฐุงูุฑ ูุนุงูุง,peer grouping
ุงูุชุฑุญ ุนููุง ุฒููู ุฏุฑุงุณู,peer grouping
ุงุจุนุชูู ุฌุฑูุจ ุงุฏุฎู ููู,peer grouping
ุงูุชุฑุญ ูุงุณ ุชุณุงุนุฏูู,peer grouping
ุณุงุนุฏูู ุงูุงูู ุฌุฑูุจ ูุดุฌุนูู,peer grouping
ุงูุชุฑุญูู ุฌุฑูุจ ,peer grouping
ุงูุชุฑุญ ุนููุง ูุงุณ ูู ููุณ ูุณุชูุงูุง,peer grouping
ุทูุจ ูู ุนุงูุฒ ุญุฏ ูุดุฌุนูู,peer grouping
ูู ูููุน ุงุฐุงูุฑ ูุน ุฌุฑูุจุ,peer grouping
ุนุงูุฒ ุญุฏ ูุณุงุนุฏูู ูู ุงููุฐุงูุฑุฉ,peer grouping
ุทูุจ ูู ุนุงูุฒ ูุจูู ุฌุฑูุจ ูุจูุฑ ูุดุฌุน ุจุนุถุ,peer grouping
ุงูุชุฑุญูู ุฒููู ูุดุฌุนูู,peer grouping
ูุด ุนุงูุฒ ุงุฐุงูุฑ ููุญุฏู,peer grouping
ูุด ุจุนุฑู ุงุฐุงูุฑ ูู ุบูุฑ ุชุดุฌูุน,peer grouping
ุจุณ ุงูุง ูุงุฒู ูููู ูู ุญุฏ ุจูุฐุงูุฑ ูุนุงูุง,peer grouping
ูุญุชุงุฌ ุตุญุงุจ ูุฐุงูุฑูุง ูุนุงูุง,peer grouping
ูู ูู ุญุฏ ุจูุชุงุจุนูู ูู ุงููุฐุงูุฑูุ,peer grouping
ุทูุจ ูุง ุชูุชุฑุญ ุนููุง ุญุฏ ูุฐุงูุฑ ูุนุงูุง,peer grouping
ูุงุชูู ุฌุฑูุจ ูุณุงุนุฏูู ,peer grouping
ุนุงูุฒ ุงุนุฑู ุงูุง ูุณุชูุงูุง ุงูู,take exam
ุนุงูุฒ ุงุนุฑู ุงูุง ูู ุงููุณุชูู ุงููุงู,take exam
ุงุญุฏุฏ ูุณุชูุงูุง ุงุฒุงูุ,take exam
ุนุงูุฒ ุงูุชุญู ุนุดุงู ุงุญุฏุฏ ุงูุง ูู ุงููุณุชูู ุงููุงู,take exam
ุนุงูุฒ ุงูุงูุชุญุงู,take exam
ุงุจุนุชูู ุงูุงูุชุญุงู ุนุดุงู ุงุนุฑู ุงููุณุชูู ุจุชุงุนู,take exam
ุงุจุนุชูู ุงูุงูุชุญุงู,take exam
ูุญุชุงุฌ ุงูุชุญู ,take exam
ุนุงูุฒ ุงูุชุญู ุงูุชุญุงูู,take exam
ุงุจุนุชูู ุงูุชุญุงู ุชุญุฏูุฏ ุงููุณุชูู,take exam
ูุณุชูุงูุง ุงูู,take exam
ุงุญุฏุฏ ุงููุณุชููุง ุจุชุงุนู ุงุฒุงู,take exam
ุงุนูู ุงูู ุนุดุงู ุงุนุฑู ูุณุชูุงูุง,take exam
ุงุจุนุชููู ุงูุชุญุงูููุง ,take exam
ูุงุช ุงูุงูุชุญุงู,take exam
ุทูุจ ุงุนุฑู ูุณุชูุงูุง ุงุฒุงู,take exam
ูุญุชุงุฌ ุงูู ุนุดุงู ุงุญุฏุฏ ุงููุณุชูู ุจุชุงุนู,take exam
ููู ุงูุงูุชุญุงู,take exam
ุจุชุญุฏุฏูุง ูุณุชูุงูุง ุงุฒุงู,take exam
ููู ุงูุชุญุงู ุชุญุฏูุฏ ุงููุณุชูู,take exam
ุญุฏุฏ ูุณุชูุงูุง,take exam
ุงุจุนุชูู ุงุฎุชุจุงุฑุงุช ุงุญุฏุฏ ุจููุง ูุณุชูุงูุง,take exam
ุงุฎุชุจุฑ ูุณุชูุงูุง,take exam
ุงุฎุชุจุฑูู ุนุดุงู ุชุนุฑู ูุณุชูุงูุง,take exam
ุณุงุนุฏูู ุงุญุฏุฏ ูุณุชูุงูุง,take exam
ุงูุชุญูู,take exam
ุญุฏุฏูู ูุณุชูุงูุง,take exam
ุนุงูุฒ ุงูุชุญู,take exam
ุญุฏุฏูู ุงูุง ููู,take exam
ุงูู ุงููุณุชูู ุจุชุงุนู,take exam
ูุจุฏุฃ ูู ุงููู ูุณุชูู,take exam
ุงูููุฑูุถ ุงุจุฏุฃ ุจุงููุณุชูู ุงููุงู,take exam
ูุจุฏุฃ ุจุงููุณุชูู ุงููุงู,take exam
ูุจุฏุฃ ุงุชุนูู ูู ุงูุงูู ุฎุงูุตุ,take exam
ูุจุฏุฃ ูู ุงูู ุงููุณุชูู ุงููุงู,take exam
ุงูููุฑูุถ ุงุนูู ุงูู ุจุนุฏ ูุง ุนุฑูุช ูุณูุงูุง,course recommendation
ุงุฐุงูุฑ ูููู,course recommendation
ุงุนูู ุงููุณุชูู ุจุชุงุนู ุงุฒุงู,course recommendation
ุงุฐุงูุฑ ุงูู ุนุดุงู ุงุนูู ูุณุชูุงูุง,course recommendation
ุงูู ูุตุงุฏุฑ ุงููุฐุงูุฑู ุงูู ูููู ุชุณุงุนุฏูู,course recommendation
ูุตุงุฏุฑ ูุฐุงูุฑุฉ,course recommendation
ุงุจุนุชูู ูุตุฏุฑ ุงุฐูุฑ ููู,course recommendation
ุงุจุนุชูู ุญุงุฌู ุชุณุงุนุฏูู ุงุนูู  ูุณุชูุงูุง,course recommendation
ุงุจุนุชูู ููุฑุณุงุช,course recommendation
ุนุงูุฒ ููุฑุณุงุช ุชุณุงุนุฏูู,course recommendation
ุงุจุนุชูู ุงููู ูุฐุงูุฑ ููู,course recommendation
ุงุฐุงูุฑ ุงุฒุงู,course recommendation
ุงูู ูู ุงูููุฑุณุงุช ุงูููุงุณุจู ููุณุชูุงูุง,course recommendation
ูุญุชุงุฌ ููุฑุณ ุงุฐุงูุฑุฉ,course recommendation
ุงุจุฏุฃ ูููู,course recommendation
ุงูู ุงูุฎุทูุงุช ุงูู ุงุนูููุง ุนุดุงู ุงุนูู ูุณุชูุงูุง,course recommendation
ุงุจุฏุฃ ุงุฒุงู,course recommendation
ุนุงูุฒ ุงุญุณู ูุณุชูุงูุง,course recommendation
ูุญุชุงุฌ ุงุจูู ูู ูุณุชูู ุงุนูู,course recommendation
ุนุงูุฒ ุงููู ููุณู,course recommendation
ุนุงูุฒุฉ ุงุจูู ุงุญุณู,course recommendation
ูุญุชุงุฌ ูุตุงุฏุฑ ูููุฐุงูุฑู,course recommendation
ุงุฐุงูุฑ ุงูู,course recommendation
ุงุฐุงูุฑ  ูู ููุงู ูุนููุ,course recommendation
ุนูุฏู ุงูุชุฑุงุญ ูููุฑุณ ูุญุฏุฏุ,course recommendation
ุงุนูู ูุณุชูุงูุง ุงุฒุงู,course recommendation
ุงุฐุงูุฑ ูู ูุชุงุจ ุงููุ,course recommendation
ุงุทูุฑ ููุณู ุงุฒุงู,course recommendation
ุนุงูุฒ ุงุจูู ูููุณ  ุงูุชุฑ,course recommendation
ุนุงูุฒ ุงุนูู ุจูุณุชูุงูุง ุนู ูุฏุง,course recommendation
ููุฑุณุงุช,course recommendation
ุจุงุตููู ุญุงุฌู ุงุฐุงูุฑ ูููุง,course recommendation
ุงุจุนุชูู ููุฑุณ ุงุฐุงูุฑู,course recommendation
ุนุงูุฒ ุงุจูู ุงููู,course recommendation
ูุญุชุงุฌ ุงุทูุฑ ูู ูุณุชูุงูุง,course recommendation
ุนุฑููู ุจููุณู,about bot
ุนุงูุฒ ุงุชุนุฑู ุนููู ูุจู ูุง ูุจุฏุง,about bot
ุงูุช ูุนููู ูู  ุงูุชู,about bot
ุงูุช ุจุชุนูู ุงูู,about bot
ุงุณุชูุงุฏ ููู ุงุฒุงู,about bot
ูุชููุฏูู ุจุฃูู,about bot
ูุง ุชูููู ูุนูููุงุช ุนูู,about bot
ุนุงูุฒ ุงุนุฑูู ุงูุงูู,about bot
ููู ุนููู,about bot
ุงูุช ูุชุณุงุนุฏูู ุงุฒุงู,about bot
ูููู ูุชุนุฑู ุงูุงูู,about bot
ููููู ุนูู,about bot
ุงูุช ููู,about bot
ุนุฑููู ุจููุณู,about bot
 ุงูุช ููู ู ูุชุณุงุนุฏูู ุงุฒุงู,about bot
ุงูุชุฑุญ ุนููุง ููุฑุณ ููุงุณุจ,course recommendation
ุนุงูุฒ ูุตุงุฏุฑ ูุฐุงูุฑุฉ ุชูุงุณุจ ูุณุชูุงูุง,course recommendation
ุนุงูุฒ ุงุฐุงูุฑ ุญุงุฌู ูุด ุตุนุจู ุนููุง,course recommendation
ุนุงูุฒ ุงุจูู ุฌุงูุฏ ูู ุงููุบู,course recommendation
ุทูุจ ูููู ุชุณุงุนุฏูู ุงุจูู ุงุญุณูุ,course recommendation
ุงูู ุงููู ูุงุฒู ุงุนููู ุนุดุงู ุงุนุฑู ูุณุชูุงูุง,take exam
ูุงุชูู ุงูุงูุชุญุงู,take exam
ูู ุงูุช ูุชุนุฑู ูุณุชูุงูุง ุงุฒุงูุ,take exam
ูููู ุชุณุงุนุฏูู ุงุญุฏุฏ ูุณุชูุงูุงุ,take exam
ูุชุญุฏุฏ ูุณุชูุงูุง ุงุฒุงูุ,take exam
ูุณุงุก ุงูุฎูุฑ,greeting
ุตุจุงุญ ุงูุฎูุฑ ,greeting
ุงูุณูุงู ุนูููู,greeting
ูุฑุญุจุง,greeting
ุงุณูู ุงููุ,about bot
ุนุงูุฒ ุงุญุฏุฏ ูุณุชูุงูุง,take exam
ูุณุชูุงูุง ุงูู,take exam
ูุณุชูุงูุง ุงููุ,take exam
ุขููุข,greeting
ุฃููุงู,greeting
ุฃููุงู .,greeting
ุฃููุง ูููุง,greeting
ุฃููุง ูุณููุง,greeting
ุฃููุงุง,greeting
ุงูุฒูู ุงููุง ููุฑุญุจุง ุจุญุถุฑุงุชูู,greeting
ุงูุณูุงู ุนูููู,greeting
ุงูุณูุงู ุนูููู ูุฑุญูุฉ ุงููู ูุจุฑูุงุชู,greeting
ุงูู,greeting
ุงููุง,greeting
ุงููุงู,greeting
ุงููุง ๐,greeting
ุงููุง ุจูู,greeting
ุงููุง ูุณููุง ุจู,greeting
ุงููุง ููุฑุญุจุง,greeting
ุงููุงุง,greeting
ุงููู,greeting
ุงูููู,greeting
ุงูู ุงูุงุฎุจุงุฑ,greeting
ุณูุงู ุนูููู,greeting
ุตุจุงุญ ุงูุฎูุฑ,greeting
ุตุจุงุญ ุงูุฎูุฑ ๐,greeting
ุนุงููุฉ ุงูู,greeting
ููู ุญุงูู,greeting
ูุฑุญุจุง,greeting
ูุฑุญุจุงู,greeting
ูุงู,greeting
ูุงู,greeting
ููุง,greeting
ุชุณูู ูุงููู,thank
ุชุณููู,thank
ุชุณููู ูุงููู,thank
ุฑุงุฆุน ุฌุฏูุง .. ุดูุฑูุง ุฌุฒููุงู .,thank
ุดุบู ุญูู,thank
ุดูุฑุง,thank
ุดูุฑุงู,thank
ุดูุฑูุง,thank
"ุดูุฑุง
ุงููู ุจุณุฃู ุนููู ูุด ุนูุฏู ุดูุฑุง ูุชุนุจู",thank
ุดูุฑูุง .. ุดูุฑูุง .,thank
ุดูุฑุง โฅ๏ธ,thank
ุดูุฑุง ุฌุฏุง,thank
ุดูุฑุง ุฌุฒููุง ุจุตุฑุงุญุฉ ุฎุฏูุฉ ูููุณู ุฌุฏุง,thank
ุดูุฑุง ุนูู ุงูุฅูุงุฏุฉ ูุงููุฌููุฏ ุงูุนุธูู ุฎุงูุต ุชูุฏูุฑู ูุงุญุชุฑุงูู ููู ูุน ูุฒูุฏ ูู ุงููุฌุงุญ,thank
ุดูุฑุง ูุญุถุฑุชู,thank
ุดูุฑุง ูุญุถุฑุชู ูุฌุฒุงูู ุงููู ุฎูุฑุง,thank
ุดูุฑุง ูุญุถุฑุชูู,thank
ุดูุฑุง ูุฐููู,thank
ุงูุช ููู,course recommendation
ุจุชุนูู ุงูู,about bot
ุงุฒุงู ุชูุฏุฑ ุชุณุงุนุฏูู,about bot
ุนุงูุฒ ุงุจุฏุฃ ุงุชุนูู ุฌุฑุงูุฑ,course recommendation
ุนุงูุฒ ุงุญู ุงุณุฆูุฉ,course recommendation
ุนุงูุฒ ุงุชุนูู ุงูุญุฑูู,course recommendation
ุนุงูุฒ ุงุชุนูู ูููุงุช ุฌุฏูุฏู,course recommendation
ุนุงูุฒ ุงูุฑุง ูุตุต,course recommendation
ุนุงูุฒ ุงูุฑุง ูุชุจ ูู ุงูุชุงุฑูุฎ ุจุงููุบู ุฏู,course recommendation
ุนุงูุฒ ุงูุฑุง ูุชุจ ูู ุงูุชุงุฑูุฎ ุจุงููุบู ุฏู,course recommendation
ุนุงูุฒ ุงุญุณู ูุณุชูุงูุงู ูู ุงูุฌุฑุงูุฑ,course recommendation
ุนุงูุฒ ุงุจุฏุฃ ุงุชุนูู ุฌุฑุงูุฑ,course recommendation
ุนุงูุฒ ุงุชุนูู ููุงุนุฏ ุงููุบู,course recommendation
ุนุงูุฒ ุงุจุฏุฃ ุงุชุนูู ููุงุนุฏ ุงููุบู,course recommendation
"ุจุญุจ ุงุฐุงูุฑ ูุน ูุงุณ ูู ููุณ ุงููุณุชูู, ูููู ุชุถููู ููููุ",peer grouping
ูููู ุชุถููู ููุงุณ ูุณุชูุงูู ุฒูู,peer grouping
ูุญุชุงุฌ ูุงุณ ุงุชุฏุฑุจ ูุนุงูู,peer grouping
ุนุงูุฒ ุงุชูุฑู ุนูู ูุทูู ูุน ุญุฏ,peer grouping
ูุจุญุจุด ุงุฐุงูุฑ ููุญุฏู,peer grouping
ูุง ุงุญุจ ุงูุฏุฑุงุณู ูุญุฏู,peer grouping
ุจุญุจ ุงุฐุงูุฑ ูุน ูุงุณ,peer grouping
ูุญุชุงุฌ ุงุชุฏุฑุจ ุนูู ูุทูู,course recommendation
ุนุงูุฒ ุงุฎุฏ ุงูุงุฎุชุจุงุฑ ุชุงูู,take exam
ุนุงูุฒ ุงุนุฑู ูุณุชูุงูุง,take exam
ุนุงูุฒู ุงุฎุฏ ุงูุงุฎุชุจุงุฑ ุชุงูู,take exam
ุนุงูุฒู ุงุนุฑู ูุณุชูุงูุง,take exam
ุนุงูุฒ ุตุญุงุจ ูุดุฌุนููู ุนุงููุฐุงูุฑุฉ,peer grouping
ุนุงูุฒู ุตุญุงุจ ูุดุฌุนููู ุนุงููุฐุงูุฑุฉ,peer grouping
ูููู ุชุณุงุนุฏูู ุงุญุฏุฏ ูุณุชูุงูุงุ,take exam
ุงุฒุงู ูููู ุงุนุฑู ุงู ูุณุชูุงูุง ุจูู ุงุญุณูุ,take exam
ุนูุฏู ูุงู ุณูุฉุ,about bot
ุจุชุนุฑู ุชุนูู ุงููุ,about bot
ููู ุตุญุงุจูุ,about bot
ุนูุฏู ููุช ูุงุถูุ,about bot
ุจุชุดุชุบู ุฏุงููุงุ,about bot
ุจุชูุงู ุงูุชูุ,about bot
ุจุชุณุงุนุฏ ูู ุงููุงุณุ,about bot
ุฑุดุญูู ููุฑุณ,course recommendation
ุฑุดุญูู ููุฑุณ ููุงุณุจ ููุณุชูุงูุง,course recommendation
"ูุด ูุงูู ููุฑุณุงุช, ูููู ุชุณุงุนุฏููุ",course recommendation
ุนุงูุฒ ููุฑุณุงุช ูู ุบูุฑ ูููุณ ุนุดุงู ุงูุง ูุณู ุทุงูุจ,course recommendation
ุงูู ุงูุถู ุงูููุฑุณุงุช ุนูู udemy ,course recommendation
ุงูู ุงูุถู ุงูููุงูุน ุงููู ุจุชุฏู ููุฑุณุงุช ูุฌุงูููุ,course recommendation
ูุญุชุงุฌู ููุฑุณ ูููุจุชุฏุฃูู,course recommendation
ูุญุชุงุฌู ุงุฑุงุฌุน ุนูู ูุนูููุงุชู ูุงุทูุฑูุง,course recommendation
ุจุชุงุฎุฏ ูุงูุ,about bot
ุนุงูุฒู ููุฏูู ุณููู,course recommendation
ุนุงูุฒ ููุฑุณ ูุตูุฑ ูุงุฌุงุฒุฉ ูุต ุงูุณูุฉ,course recommendation
ุนุงูุฒ ููุฑุณ ููู ุงุณุงูู ูุชูุฑ,course recommendation
ุนุงูุฒ ุงุญู ุงุณุงูู,course recommendation
ุนุงูุฒู ุงุณุงูู ูุชุจ ุงุญู ูููุง,course recommendation
ุงุฒุงู ูููู ุงุญู,course recommendation
ุนุงูุฒู ุงุบุงูู ุชุณุงุนุฏูู ุงุญูุธ,course recommendation
ูุญุชุงุฌู ุดุฑุญ ุญูู ูููุงุนุฏ ุงููุบู,course recommendation
ุจุชุนูู ูุงู ูุบูุ,about bot
ุชูุฏุฑ ุชุณุงุนุฏูู ุงุชุนูู ุงูุฌููุด ูู ุฎูุงู 3 ุดููุฑ,about bot
ูููู ุชุฏููู ุงุณุงูุฉ ุชุญุฏูุฏ ูุณุชูู,take exam
ุนุงูุฒ ุงุฐุงูุฑ ูุน ุญุฏ ,peer grouping
ูุด ุนุงูุฒ ุงุฐุงูุฑ ููุญุฏู,peer grouping
ูููู ุชุฏุฎููู ุฌุฑูุจ ูุน ูุงุณ ุดุจูู,peer grouping
ุนุงูุฒ ุงุฏุฎู ุฌุฑูุจ ูุน ูุงุณ ูู ูุณุชูุงูุง,peer grouping
ุณุงุนุฏูู ุงุชุนุฑู ุนูู ูุงุณ ูุฐุงูุฑ ูุน ุจุนุถ,peer grouping
ุนุงูุฒ ุงุชุนุฑู ุนูู ูุงุณ ุจููุณ ูุณุชูุงูุง,peer grouping
ูุญุชุงุฌ ูุณุงุนุฏู ูุงุณ ุฒูู,peer grouping
ูุญุชุงุฌ ุงุชุฏุฑุจ ูุน ุญุฏ ุนูู ููุงุนุฏ ุงููุบู,peer grouping
ุจุชุนูู ุงููุบู ุนูู ูุงู ูุฑุญูู,about bot
ุจุชุนุฑู ุชุนูู ุงููุงุณ ุงููู ุนูุฏูู ูุดุงูู ูู ุงูุชุฑููุฒุ,about bot
ูููู ููุฑุณ ููุงุณุจ ููุณุชูุงูุง,course recommendation
ุนุงูุฒู ุงุชุนูู  ุจุฏูู ูุง ุชุฑููุฒู ูุชุดุชุช ,course recommendation
ุงูู ุงูู ุญุงุฌู ุงุนูููุง ุนุดุงู ุงุจุฏุฃุ,take exam
ุงูู ุงูู ุฎุทูุฉ ูู ุงูุชุทููุฑ ุทูุจุ,take exam
ุชุญุฏูุฏ ูุณุชูุงูุง ูุชุนููู ุงุฒุงูุ,take exam
ุนุงูุฒุฉ ุงูุชุญู ุนุดุงู ุงุนุฑู ูุณุชูุงูุงุ,take exam
ูุชุนุฑู ูุณุชูุงูุง ุงุฒุงูุ,take exam
ุนุงูุฒุฉ ุงุชุงุจุน ุชุญุณูู ูู ุงููุนู,take exam
ุนุงูุฒู ุงูุชุญู ุนุดุงู ุงุชุงุจุน ูุณุชูุงูุง,take exam
ูุญุชุงุฌ ูุชุงุจุนู ูููุณุชูู,take exam
ุนุฑููู ูุณุชูุงูุง,take exam
ุญุฏุฏูู ูุณุชูุงูุง,take exam
ุงุจุนุชูู ุงูู ูุญุฏุฏ ูุณุชูุงูุง ุจูู,take exam
ุงุจุนุชูู ุงุณุฆูู ุชุญุฏุฏ ูุณุชูุงูุง,take exam
ูุงุช ุงูุงุณุฆูู ุงูู ูุนุฑู ุจููุง ุงูุง ููู,take exam
ุทูุจ ุนุงูุฒ ุงุนุฑู ูุณุชูุงูุง ุนุดุงู ุงุนุฑู ูุจุฏุฃ ูููู,take exam
ุงุนูู ุงูู ุนุดุงู ุงุนุฑู ูุณุชูุงูุง,take exam
ุณุงุนุฏูู ุงุญุฏุฏ ุงููุณุชูู ุจุชุงุนู,take exam
ุงูุชุญูู ุนุดุงู ุงุนุฑู ูุณุชูุงูุง,take exam
ุนุงูุฒ ุงูุชุญู,take exam
ูููู ุงุฎุฏ ุงูุชุญุงู ุชุญุฏูุฏ ุงููุณุชููุ,take exam
ููููู,take exam
ูููู ููุฑุณ ูู ููุงุนุฏ ุงููุบู,course recommendation
ูููู ููููุงุช ุงูุชุญุงูุงุช,course recommendation
ูููู ุชุฌูุจูู ุงุณุงูู ุงุชูุฑู ุนูููุง,course recommendation
ุนุงูุฒ ุงุฑุงุฌุน ุนูู ูู ุงููู ุฐุงูุฑุชู,course recommendation
ุงูู ุงูู ุจุชูุฏููููู,about bot
ุงูู ุงูู ูุณุชูุงุฏู ููุง ุงุณุชุฎุฏูู,about bot
ูุง ุชุฑู ูุชููุฏูู ุงุฒุงู,about bot
ุงุชููู ุนู ููุณู ุงูุงูู,about bot
ูููู ูููุชู ูุนุงูุง,about bot
ุนุงูุฒ ุชูููู ูุณุชูุงูุง,take exam
ุญุฏุฏ ูุณุชูุงูุง,take exam
ูุณุชูุงูุง ุงูู.,take exam
ูููู ุชูุชุญููุ,take exam
ุงูุชุญููู,take exam
ูุชุณุงุนุฏูู ุงุฒุงู ูู ุทุฑููู ,about bot
ูุณุนุฏูู ุงุชุนุฑู ุนููู,about bot
ููู ูุจุฑูุฌู,about bot
ููู ุนุงูููุ,about bot
ูููู ุญุงุฌุงุช ุนูู,about bot
ูุง ุชูุฌู ูุฏุฑุฏุด ุนูู ูุจู ูุง  ูุจุฏุฃ,about bot
ุนุงูุฒ ุงุตุงุญุจ ูุงุณ ููุฐุงูุฑ ูุน ุจุนุถ,peer grouping
ุงููุฐุงูุฑุฉ ูุน ุตุญุงุจ ูููู ูุดุฌุนูู,peer grouping
ุนุงูุฒ ุงุนูู ุงูุชุญุงู ูุณุงุจูู ุจููู ูุจูู ุฒูุงููู,peer grouping
ุนุงูุฒู ุงุชุฏุฑุจ ุนูู ุนุจุงุฑุงุช ุงูุชุญูู ูุน ุญุฏ,peer grouping
ุนุงูุฒ ุงุชุฏุฑุจ ุนุงููู ุงุชุนููุชู ,peer grouping
ูููู ุงุชุฏุฑุจ ุนูู ุงููู ุงุชุนููุชู ูุน ูููุ,peer grouping
ุนุงูู ุงูู,greeting
ุงุฎุจุงุฑู,greeting
ุงุฒูู ุงูุงูู,greeting
ุงุฎุจุงุฑู ุงูู,greeting
ุงูุช ูููุณุ,greeting
ูุงู ุงูู ุงูุงุฎุจุงุฑ,greeting
ููู ุญุงูู,greeting
ุงูู ุงูุงุฎุจุงุฑ,greeting
ุงุฒูู ุงูุงูู,greeting
ุทููู ุนููู,greeting
ููุฑุณู ุฌุฏุง,thank
ุดูุฑุง ุจุฌุฏ,thank
ูุด ุนุงุฑู ุงุดูุฑู ุงุฒุงู,thank
ูุด ุนุงุฑู ุงูููู ุงูู,thank
ุดูุฑุง ุงูุช ุณุงุนุฏุชูู ุจุฌุฏ,thank
ููุฑุณู ุฌุฏุง,thank
ุงูุง ููุชู ููู,thank
ูุญุชุงุฌ ุงุนุจุฑูู ุนู ุดูุฑู,thank
ุดูุฑุง ุฌุฏุง,thank
"ุดูุฑุง, ููุฌุฃูู ุชุงูู",thank
ูุดููุฑ ุชุนุจู,thank
ุงูุช ุงุญุณู ุจูุช ูู ุงูุนุงูู,thank
ุงุดูุฑู.,thank
ุดูุฑุง.,thank
ููุฑุณู ุงูู ุงูู,thank
ุจุนุจุฑูู ุนู ุงูุชูุงูู,thank
ุงูุช ุณุงุนุฏุชูู ูุชูุฑ ุจุฌุฏ ุดูุฑุง,thank
ุงููุง ูุณููุง,greeting
ุชุญูุงุชู ูู,greeting
"ูุณุงุก ุงูููุฑ, ุนูู ุงุญูู ุจูุช",greeting
ูุณุงุกู,greeting
ุงููุง ุงููุง,greeting
ุงุนูู ูุณุชูุงูุง ุงุฒุงูุ,course recommendation
ุนุงูุฒู ุงุชุนูู ุงุดูุฑ ุงูุนุจุงุฑุงุช ,course recommendation
ุนุงูุฒู ุจุฑุงูุฌ ุชููุฒููู ุชุณุงุนุฏูู ูุชุนูู ุงููุบู,course recommendation
ุนุงูุฒู podcasts ุงุณูุนูุง ูุงูุง ูู ุงูุชูุฑูู,course recommendation
ุนุงูุฒู ุงุณูุน podcasts,course recommendation
ูููู ุชุณุงุนุฏูู ุงุฑูุน ูุณุชูุงูุง,course recommendation
ุงูุง ุนุงูุฒ ุงุดูุฑู ุจุฌุฏ,thank
ุดูุฑุง ุน ุงููุณุงุนุฏู,thank
ุงูุช ูุด ูุชุฎูู ุงูุช ุณุงุนุฏุชูู ูุฏ ุงูู,thank
ุดูุฑุง ุงูุง ูุจุณูุทู ุงูู,thank
ุงูุง ุงุณุชูุฏุช ููู  ุฌุฏุง,thank
ุงูุง ูุฏุง ูุณุชุฎุฏูู ูุชูุฑ,thank
ุงูุช ุฌุงูุฏ ุจุฌุฏ ุงููุฏ ูุญุชุงุฌู ุชุงูู,thank
ุงูุช ูููุฏ ุฌุฏุง,thank
ุงูุช ุงูุชุฑ ุญุงุฌู ูููุฏู ุดููุชูุง,thank
ุงูุง ูุจุณูุทู ูู ูุณุงุนุฏุชู,thank
ุงูุง ุจููุช ุงุญุณู ุจุณุจุจู ุดูุฑุง,thank
ุดูุฑุง ููุบุงูุฉ ,thank
ูุดูุฑ ูู ูุณุงุนุฏุชู ุจููุถ ูู ุงููููุจ ุงููุงูุชูุงููู ,thank
ูููุง ุดูุฑุชู ูุด ููููู ููุงูู,thank
ูุด ุนุงุคูู ุงุดูุฑู ุงุฒุงู,thank
ูุณุชูุงูุง ุจูู ุงุญุณู ูุชูุฑ ุจุนุฏ ูุณุงุนุฏุชู,thank
ูุญุชุงุฌู ูุชูุฑ ุนุดุงู ุงูุช ุนููุชูู ูุณุชูุงูุง,thank
ุงูุช ูููุฏ ุงูู,thank
ูุจูุงุชู,thank
ูุด ููุณู ูุณุงุนุฏุชู ููุง,thank
ุดูุฑุง ุงูู ุณุงุนุฏุชูู,thank
ุดูุฑุง ุฌุฒููุง,thank
"ููุฏ ุณุงุนุฏุชูู, ุดูุฑุง",thank
ููุชุฑุญู ูุงุตุงุญุจู ,thank
ูุงููุง,greeting
ูุงูููู,greeting
ูุงููุง ุจูู,greeting
ูููููููุฒ ,greeting
ูููู ,greeting
ุงูู ุงุฎุจุงุฑู,greeting
ุงุฒูู ุนุงูู ุงูู,greeting
ูู ุงูุจุฏุงูู ูุฏุง ุงุฒูู,greeting
ูููู ุจุณ ุงูุช ุนุงูู ุงูู,greeting
ูุง ุชูููู ุงุฎุจุงุฑู,greeting
ุงููุง ุจุญุถุฑุชู,greeting
ุงุฒูู.,greeting
ุนุงููู ุงูู,greeting
ุงูู ุงูุงุญูุงู,greeting
ุงุชููู ุงูู ุชููู ูููุณ,greeting
ุดู ุงุฎุจุงุฑู,greeting
ูุฑุญุจุง ุจู ,greeting
ุนุงูุฒ ุงุฏุฎู ุดุงุช ููู ูุงุณ ูู ูุณุชูุงูุง,peer grouping
ุนุงูุฒ ุงุฐุงูุฑ ูุน ุฌุฑูุจ ุฒูู,peer grouping
ุนุงูุฒ ูุงุณ ุชุฐุงูุฑ ูุนุงูุง ุฌุฑุงูุฑ,peer grouping
ุนุงูุฒ ูุฌููุนู ุชุดุฌุนูู,peer grouping
ุฏุฎููู ูุน ูุงุณ ูููุณู,peer grouping
ุถููู ูููุงุณ ุงููู ูู ูุณุชูุงูุง,peer grouping
ุถููู ูุบุฑูุฉ ุฏุฑุฏุดู ููุงุณุจู,peer grouping
ูุญุชุงุฌู ููุฑุณ ููู ูุชุงุจุนู,course recommendation
ูุญุชุงุฌู ููุฑุณ ุจุฏูู ุฏูุฏ ูุงูู,course recommendation
ุนุงูุฒู ุงุชุนุฑู ุนูู ุงุณูุงุก ุงูุจูุงุฏ,course recommendation
ุนุงูุฒ ุงุชุฏุฑุจ ุนุงููุทู,peer grouping
ุถููู ููุงุณ ุจูุงุฎุฏูุง ููุณ ุงูููุฑุณ,peer grouping
ูู ูู ูุงุณ ูู ูุณุชูุงูุง ุงุฐุงูุฑ ูุนุงููุ,peer grouping
ุนุงูุฒ ุงูุถู ููุงุณ ุฒูู,peer grouping
ุงุชุฏุฑุจ ุนุงููุฑุงุฆู ูุน ูููุ,peer grouping
ุงุชุฏุฑุจ ุน ูุทูู ูุน ูููุ,peer grouping
ุงุชุฏุฑุจ ุนูู ููุงุนุฏ ุงููุบู ูุน ูููุ,peer grouping
ุนุงูุฒ ุงุชุฏุฑุจ ุนูู ุงููุชุงุจู ุจุฎุท ุฌููู ูุน ุตุญุงุจ,peer grouping
ุนุงูุฒ ุงุชุฏุฑุจ ุนุงูููุงู ุจุงูุนุงููู ูุน ูุงุณ ูู ูุณุชูุงูุง,peer grouping
ุนุงูุฒ ุงุชููู ูุน ุญุฏ ุจุงููุบู ุฏู,peer grouping
ุนุงูุฒ ุงุณุงู ุญุฏ ูู ูุณุชูุงูุง ุงุฒุงู ุจูุฐุงูุฑ ููุงุนุฏ ุงููุบู,peer grouping
ูููู ุชุถููู ูุญุฏ ุงุชููู ูุนุงู ูู ูุณุชูุงูุงุ,peer grouping
ุงูุช ูููุ,about bot
ุงููุฉ ุงูุช ููู ูุนููุ,about bot
ุงุดุฑุญูู ูููุฒุงุชู,about bot
ุงุดุฑุญูู ูุชุณุงุนุฏูู ุงุฒุงู,about bot
ููููู ูุฏุง ุนูู..,about bot
ูุง ุชูููู ุทูุจ ูุชุณุงุนุฏูู ุจุฃูู,about bot
ูุณุชูุงุฏ ููู ุงุฒุงูุ,about bot
ุงููู ุงูุช ูุชููุฏูู ุจุฃูู ูุนููุ,about bot
ููุงูู ูุนุงู ููููุฏูู ููุง ูุฌุฑุฏ ุชุถูุน ููุชุ,about bot
ูุชุณุงุนุฏููุ,about bot
ุทุฑููุชู ุงูู ุนุดุงู ุงุทูุฑ ููุณู,about bot
ูููู ูุนูููุงุช ูุชูุฑ ุนูู,about bot
ุงูุง ุนุงูุฒู ุงุนุฑู ุนูู ุงูุชุฑ,about bot
ุนุงูุฒู ุงุชุนุฑู ุนููู,about bot
ุนุฑููู ุจูู,about bot
ูููู ุงููุงููุงุชู,about bot
ุงุดุฑุญูู ุนูู,about bot
ูููู ููู ุนููู,about bot
ูููู ุงูุช ูุชุณุงุนุฏูู ุงุฒุงู ูุนูู,about bot
ุงูุช ุชูุฏุฑ ุชุณุงุนุฏููุ,about bot
ุชูุฏุฑ ุชุณุงุนุฏูู ุงุทูุฑ ููุณู ุงุฒุงูุ,about bot
ูุชุณุงุนุฏูู ุจุฌุฏ ุงุทูุฑ ููุณูุ,about bot
ุชูุฏุฑ ุชุนููู ุงูู,about bot
ุชูุฏุฑ ุชุดุฌุนูู ุนุงููุฐุงูุฑุฉุ,about bot
ูุชุนุฑู ุชุณุงุนุฏูู ุงุฐุงูุฑ ุงุตูุงุ,about bot
ุชูุฏุฑ ุชุญุฏุฏ ูุณุชูุงูุง ุจุณููููุ,about bot
ุจุชูุชุญู ูุงู ูุณุชููุ,about bot
ูููู ุงูุชุญู ุงูุชุฑ ูู ูุฑุฉ ูู ุงููููุ,about bot
ูุนูุฏูุด ููุงู ููุงูู ุงุนุจุฑ ุจูู ุนู ุดูุฑู ููู,thank
ุดูุฑุงุงุงุง,thank
ูุง ุฌุงุงุงูุฏ,thank
ุงูุง ููุชูู ูู ููุบุงูู,thank
ูุงุงููู ูุง ุนุงุฑูุฉ ุงูููู ุงูู,thank
:),thank
ุฌูุงููู ูุชุฑุช ,thank
ูุชุดูุฑูู,thank
ููู ุจุฑูุฌู,about bot
ุจุงุณ ูุบู ุชูุช ุจุฑูุฌุชู,about bot
ูู ุงูุช ูุจุฑูุฌ ุจุญุจุ,about bot
ูู ุชุบุถุจ ุงุฐุง ูู ุงุญุฑุฒ ุชูุฏู ุฌูุฏ,about bot
ูููู ููุฐุงูุฑ ุงุฒุงู ุจูู,course recommendation
ุงููุฉ ุงุนูู ูุณุชูุงูุง ุงุฒุงู ูุนูู,course recommendation
ุงุทูุฑ ููุณู ุจุฃููุ,course recommendation
ุนุงูุฒ ุญุงุฌุงุช ุชุญุณู ูุณุชูุงูุง,course recommendation
ูุงุชูู ูุชุจ ุชููุฏูู,course recommendation
ุงูุชุฑุญ ุนููุง ุญุฏ ูููุณ ุงุชุนูู ููู,course recommendation
ุงูุชุฑุญูู ููุฏูููุงุช ุชุณุงุนุฏูู,course recommendation
ุงุจุนุชูู ุชุฑุงู ูููุณ ุงูุดู ุนููู,course recommendation
ุนุงูุฒ ุงุชุนูู ูุตุทูุญุงุช ูู ูุฌุงูู,course recommendation
ุนุงูุฒ ุงุณูุน ูุชุจ ูุณุฌูู ููุงุณุจู ููุณุชูุงูุง,course recommendation
ุงุฏููู ููุฑุณ ููุงุณุจ,course recommendation
ุจุงุตููู ููุฑุณ,course recommendation
ูููู ุนูู ุงูุญุงุฌุงุช ุงูู ูุทูุฑ ุจููุง ููุณู,course recommendation
ุนุงูุฒ ุงุชุฏุฑุจ ุนูู ููุงุนุฏ ุงููุบู ,course recommendation
ุนุงูุฒ ุงุชุฏุฑุจ ุนูู ุงููุทู ุงูุตุญูุญ,course recommendation
ุนุงูุฒ ุงุชุนูู ุนุจุงุฑุงุช ูููุฉ ,course recommendation
ุนุงูุฒ ููุฑุณ ูุทูุฑูู ุทูุจ ,course recommendation
ุงุดูุฑู ุฌุฒูู ุงูุดูุฑ,thank
ูุดูุฑ ุชุนุจู,thank
"ุชูุช ุนูููุฉ ุงูุงููุงุฐ ุจูุฌุงุญ,ุดูุฑุง",thank
ุงุดูุฑู ูู ูู ููุจู,thank
"ุงูุช ูุงุญุฏ ูู ุงุณุจุงุจ ุณุนุงุฏุชู, ุดูุฑุง",thank
ูุง ุชุฐุงูุฑ ูุนุงูุงุ,peer grouping
ุงุฑูุฏ ุตุฏูู ููุทุฑูู,peer grouping
ุจูู ูู ุฐุงูุฑุช ููุญุฏู ูุงุชูู ุญุฏ ูุดุฌุนูู,peer grouping
ุงูุง ุจุญุจ ุงููุดุงุฑูู ูุงุชูู ุฌุฑูุจ,peer grouping
ุงูุช ูููุช ุงู ูููู ุชุฏุฎููู ูุน ูุงุณ ูู ููุณ ุงููุณุชูู ุฏุฎููู ุจูู,peer grouping
ุนุงูุฒ ุดุฑูู,peer grouping
ุนุงูุฒ ุงุฐุงูุฑ ูุน ุญุฏ,peer grouping
ุนุงูุฒ ุญุฏ ูุดุงุฑููู ุงูุฏุงูู ูุดุฌุน ุจุนุถ,peer grouping
ูุงุช ุงูุงูุชุญุงู ุงุญุฏุฏ ูุณุชูุงูุง,take exam
ุจุต ุนุงูุฒ ุงุญุฏุฏ ูุณุชูุงูุง ุงูุงูู,take exam
ูุง ุชูุฑููู ุงูุชุญุงูู ูุฏุง ุงุญุฏุฏ ุงููุณุชูู ุจุชุงุนู,take exam
ุนุงูุฒ ุงูุชุญู,take exam
ุงูุชุญููู,take exam
ูููู ุงุญุฏุฏ ูุณุชูุงูุงุ,take exam
ูุณุชูุงูุง ุงููุ,take exam
ููุฑุณู,thank
ุซุงูู ูู,thank
ุซุงููุณ ุจุฌุฏ ,thank
ููุฑุณู ุจุฌุฏ,thank
ููุฑุณู ุฌุฏุง,thank
ุซุงูู ูู ุงูู ุณุงุนุฏุชูู,thank
ุซุงููุณ ูุง ุจูุช,thank
ููุฑุณู ุนูู ุงููุณุงุนุฏุฉ,thank
ููุฑุณูููู,thank
ุดูุฑุง ููุฑุณู ุจุฌุฏ,thank
ูุญุชุงุฌ ุญุฏ ูุฐุงูุฑ ูุนุงูุง,peer grouping
ุงุฐุงูุฑ ูุน ููู ุนุดุงู ุงููู ุงุญุณู,peer grouping
ุณุงุนุฏูู ุงุญุฎู ูุน ูุงุณ ูู ููุณ ุงููุณุชูู,peer grouping
ุฏุฎููู ูุน ูุงุณ ูู ููุณ ุงููุณุชูู ,peer grouping
ุฏุฎููู ูุน ูุงุณ ูู ูุณุชูุงูุง,peer grouping
ุนุงูุฒ ุญุฏ ูุดุฌุนูู,peer grouping
ุนุงูุฒ ุญุฏ ูุฐุงูุฑ  ูุนุงูุง,peer grouping
ุนุงูุฒู ุญุฏ ูุณุงุนุฏูู,peer grouping
ุนุงูุฒุฉ ุญุฏ ูุณุงุนุฏูู ุงุฐุงูุฑ,peer grouping
ุนุงูุฒุฉ ุญุฏ ูุดุฌุนูู ุงุฐุงูุฑ ,peer grouping
ุนุงูุฒุฉ  ุญุฏ ูุณุงุนุฏูู ุน ุงููุฐุงูุฑุฉ,peer grouping
ุนุงูุฒุฉ ูุงุณ ุชุดุฌุนูู ููุช ุงููุฐุงูุฑุฉ,peer grouping
ูุญุชุงุฌู ูุงุณ ุชุฐุงูุฑ ูุนุงูุง,peer grouping
ูุญุชุงุฌู ุฌุฑูุจ ุงุฏุฎู ูุนุงู,peer grouping
ูุญุชุงุฌู ุฌุฑูุจ ูุดุงุฑููู ูู ุงููุฐุงูุฑุฉ,peer grouping
ูุญุชุงุฌู ุดููุฉ ูุงุณ ูุณุงุนุฏููู,peer grouping
